0,Hola USB, data0
1,Hola USB, data1
2,Hola USB, data2
3,Hola USB, data3
4,Hola USB, data4
5,Hola USB, data5
6,Hola USB, data6
7,Hola USB, data7
8,Hola USB, data8
9,Hola USB, data9
10,Hola USB, data10
11,Hola USB, data11
12,Hola USB, data12
13,Hola USB, data13
14,Hola USB, data14
15,Hola USB, data15
16,Hola USB, data16
17,Hola USB, data17
18,Hola USB, data18
19,Hola USB, data19
20,Hola USB, data20
21,Hola USB, data21
22,Hola USB, data22
23,Hola USB, data23
24,Hola USB, data24
25,Hola USB, data25
26,Hola USB, data26
27,Hola USB, data27
28,Hola USB, data28
29,Hola USB, data29
30,Hola USB, data30
31,Hola USB, data31
32,Hola USB, data32
33,Hola USB, data33
34,Hola USB, data34
35,Hola USB, data35
36,Hola USB, data36
37,Hola USB, data37
38,Hola USB, data38
39,Hola USB, data39
40,Hola USB, data40
41,Hola USB, data41
42,Hola USB, data42
43,Hola USB, data43
44,Hola USB, data44
45,Hola USB, data45
46,Hola USB, data46
47,Hola USB, data47
48,Hola USB, data48
49,Hola USB, data49
50,Hola USB, data50
51,Hola USB, data51
52,Hola USB, data52
53,Hola USB, data53
54,Hola USB, data54
55,Hola USB, data55
56,Hola USB, data56
57,Hola USB, data57
58,Hola USB, data58
59,Hola USB, data59
60,Hola USB, data60
61,Hola USB, data61
62,Hola USB, data62
63,Hola USB, data63
64,Hola USB, data64
65,Hola USB, data65
66,Hola USB, data66
67,Hola USB, data67
68,Hola USB, data68
69,Hola USB, data69
70,Hola USB, data70
71,Hola USB, data71
72,Hola USB, data72
73,Hola USB, data73
74,Hola USB, data74
75,Hola USB, data75
76,Hola USB, data76
77,Hola USB, data77
78,Hola USB, data78
79,Hola USB, data79
80,Hola USB, data80
81,Hola USB, data81
82,Hola USB, data82
83,Hola USB, data83
84,Hola USB, data84
85,Hola USB, data85
86,Hola USB, data86
87,Hola USB, data87
88,Hola USB, data88
89,Hola USB, data89
90,Hola USB, data90
91,Hola USB, data91
92,Hola USB, data92
93,Hola USB, data93
94,Hola USB, data94
95,Hola USB, data95
96,Hola USB, data96
97,Hola USB, data97
98,Hola USB, data98
99,Hola USB, data99
100,Hola USB, data100
101,Hola USB, data101
102,Hola USB, data102
103,Hola USB, data103
104,Hola USB, data104
105,Hola USB, data105
106,Hola USB, data106
107,Hola USB, data107
108,Hola USB, data108
109,Hola USB, data109
110,Hola USB, data110
111,Hola USB, data111
112,Hola USB, data112
113,Hola USB, data113
114,Hola USB, data114
115,Hola USB, data115
116,Hola USB, data116
117,Hola USB, data117
118,Hola USB, data118
119,Hola USB, data119
120,Hola USB, data120
121,Hola USB, data121
122,Hola USB, data122
123,Hola USB, data123
124,Hola USB, data124
125,Hola USB, data125
126,Hola USB, data126
127,Hola USB, data127
128,Hola USB, data128
129,Hola USB, data129
130,Hola USB, data130
131,Hola USB, data131
132,Hola USB, data132
133,Hola USB, data133
134,Hola USB, data134
135,Hola USB, data135
136,Hola USB, data136
137,Hola USB, data137
138,Hola USB, data138
139,Hola USB, data139
140,Hola USB, data140
141,Hola USB, data141
142,Hola USB, data142
143,Hola USB, data143
144,Hola USB, data144
145,Hola USB, data145
146,Hola USB, data146
147,Hola USB, data147
148,Hola USB, data148
149,Hola USB, data149
150,Hola USB, data150
151,Hola USB, data151
152,Hola USB, data152
153,Hola USB, data153
154,Hola USB, data154
155,Hola USB, data155
156,Hola USB, data156
157,Hola USB, data157
158,Hola USB, data158
159,Hola USB, data159
160,Hola USB, data160
161,Hola USB, data161
162,Hola USB, data162
163,Hola USB, data163
164,Hola USB, data164
165,Hola USB, data165
166,Hola USB, data166
167,Hola USB, data167
168,Hola USB, data168
169,Hola USB, data169
170,Hola USB, data170
171,Hola USB, data171
172,Hola USB, data172
173,Hola USB, data173
174,Hola USB, data174
175,Hola USB, data175
176,Hola USB, data176
177,Hola USB, data177
178,Hola USB, data178
179,Hola USB, data179
180,Hola USB, data180
181,Hola USB, data181
182,Hola USB, data182
183,Hola USB, data183
184,Hola USB, data184
185,Hola USB, data185
186,Hola USB, data186
187,Hola USB, data187
188,Hola USB, data188
189,Hola USB, data189
190,Hola USB, data190
191,Hola USB, data191
192,Hola USB, data192
193,Hola USB, data193
194,Hola USB, data194
195,Hola USB, data195
196,Hola USB, data196
197,Hola USB, data197
198,Hola USB, data198
199,Hola USB, data199
200,Hola USB, data200
201,Hola USB, data201
202,Hola USB, data202
203,Hola USB, data203
204,Hola USB, data204
205,Hola USB, data205
206,Hola USB, data206
207,Hola USB, data207
208,Hola USB, data208
209,Hola USB, data209
210,Hola USB, data210
211,Hola USB, data211
212,Hola USB, data212
213,Hola USB, data213
214,Hola USB, data214
215,Hola USB, data215
216,Hola USB, data216
217,Hola USB, data217
218,Hola USB, data218
219,Hola USB, data219
220,Hola USB, data220
221,Hola USB, data221
222,Hola USB, data222
223,Hola USB, data223
224,Hola USB, data224
225,Hola USB, data225
226,Hola USB, data226
227,Hola USB, data227
228,Hola USB, data228
229,Hola USB, data229
230,Hola USB, data230
231,Hola USB, data231
232,Hola USB, data232
233,Hola USB, data233
234,Hola USB, data234
235,Hola USB, data235
236,Hola USB, data236
237,Hola USB, data237
238,Hola USB, data238
239,Hola USB, data239
240,Hola USB, data240
241,Hola USB, data241
242,Hola USB, data242
243,Hola USB, data243
244,Hola USB, data244
245,Hola USB, data245
246,Hola USB, data246
247,Hola USB, data247
248,Hola USB, data248
249,Hola USB, data249
250,Hola USB, data250
251,Hola USB, data251
252,Hola USB, data252
253,Hola USB, data253
254,Hola USB, data254
255,Hola USB, data255
256,Hola USB, data256
257,Hola USB, data257
258,Hola USB, data258
259,Hola USB, data259
260,Hola USB, data260
261,Hola USB, data261
262,Hola USB, data262
263,Hola USB, data263
264,Hola USB, data264
265,Hola USB, data265
266,Hola USB, data266
267,Hola USB, data267
268,Hola USB, data268
269,Hola USB, data269
270,Hola USB, data270
271,Hola USB, data271
272,Hola USB, data272
273,Hola USB, data273
274,Hola USB, data274
275,Hola USB, data275
276,Hola USB, data276
277,Hola USB, data277
278,Hola USB, data278
279,Hola USB, data279
280,Hola USB, data280
281,Hola USB, data281
282,Hola USB, data282
283,Hola USB, data283
284,Hola USB, data284
285,Hola USB, data285
286,Hola USB, data286
287,Hola USB, data287
288,Hola USB, data288
289,Hola USB, data289
290,Hola USB, data290
291,Hola USB, data291
292,Hola USB, data292
293,Hola USB, data293
294,Hola USB, data294
295,Hola USB, data295
296,Hola USB, data296
297,Hola USB, data297
298,Hola USB, data298
299,Hola USB, data299
300,Hola USB, data300
301,Hola USB, data301
302,Hola USB, data302
303,Hola USB, data303
304,Hola USB, data304
305,Hola USB, data305
306,Hola USB, data306
307,Hola USB, data307
308,Hola USB, data308
309,Hola USB, data309
310,Hola USB, data310
311,Hola USB, data311
312,Hola USB, data312
313,Hola USB, data313
314,Hola USB, data314
315,Hola USB, data315
316,Hola USB, data316
317,Hola USB, data317
318,Hola USB, data318
319,Hola USB, data319
320,Hola USB, data320
321,Hola USB, data321
322,Hola USB, data322
323,Hola USB, data323
324,Hola USB, data324
325,Hola USB, data325
326,Hola USB, data326
327,Hola USB, data327
328,Hola USB, data328
329,Hola USB, data329
330,Hola USB, data330
331,Hola USB, data331
332,Hola USB, data332
333,Hola USB, data333
334,Hola USB, data334
335,Hola USB, data335
336,Hola USB, data336
337,Hola USB, data337
338,Hola USB, data338
339,Hola USB, data339
340,Hola USB, data340
341,Hola USB, data341
342,Hola USB, data342
343,Hola USB, data343
344,Hola USB, data344
345,Hola USB, data345
346,Hola USB, data346
347,Hola USB, data347
348,Hola USB, data348
349,Hola USB, data349
350,Hola USB, data350
351,Hola USB, data351
352,Hola USB, data352
353,Hola USB, data353
354,Hola USB, data354
355,Hola USB, data355
356,Hola USB, data356
357,Hola USB, data357
358,Hola USB, data358
359,Hola USB, data359
360,Hola USB, data360
361,Hola USB, data361
362,Hola USB, data362
363,Hola USB, data363
364,Hola USB, data364
365,Hola USB, data365
366,Hola USB, data366
367,Hola USB, data367
368,Hola USB, data368
369,Hola USB, data369
370,Hola USB, data370
371,Hola USB, data371
372,Hola USB, data372
373,Hola USB, data373
374,Hola USB, data374
375,Hola USB, data375
376,Hola USB, data376
377,Hola USB, data377
378,Hola USB, data378
379,Hola USB, data379
380,Hola USB, data380
381,Hola USB, data381
382,Hola USB, data382
383,Hola USB, data383
384,Hola USB, data384
385,Hola USB, data385
386,Hola USB, data386
387,Hola USB, data387
388,Hola USB, data388
389,Hola USB, data389
390,Hola USB, data390
391,Hola USB, data391
392,Hola USB, data392
393,Hola USB, data393
394,Hola USB, data394
395,Hola USB, data395
396,Hola USB, data396
397,Hola USB, data397
398,Hola USB, data398
399,Hola USB, data399
400,Hola USB, data400
401,Hola USB, data401
402,Hola USB, data402
403,Hola USB, data403
404,Hola USB, data404
405,Hola USB, data405
406,Hola USB, data406
407,Hola USB, data407
408,Hola USB, data408
409,Hola USB, data409
410,Hola USB, data410
411,Hola USB, data411
412,Hola USB, data412
413,Hola USB, data413
414,Hola USB, data414
415,Hola USB, data415
416,Hola USB, data416
417,Hola USB, data417
418,Hola USB, data418
419,Hola USB, data419
420,Hola USB, data420
421,Hola USB, data421
422,Hola USB, data422
423,Hola USB, data423
424,Hola USB, data424
425,Hola USB, data425
426,Hola USB, data426
427,Hola USB, data427
428,Hola USB, data428
429,Hola USB, data429
430,Hola USB, data430
431,Hola USB, data431
432,Hola USB, data432
433,Hola USB, data433
434,Hola USB, data434
435,Hola USB, data435
436,Hola USB, data436
437,Hola USB, data437
438,Hola USB, data438
439,Hola USB, data439
440,Hola USB, data440
441,Hola USB, data441
442,Hola USB, data442
443,Hola USB, data443
444,Hola USB, data444
445,Hola USB, data445
446,Hola USB, data446
447,Hola USB, data447
448,Hola USB, data448
449,Hola USB, data449
450,Hola USB, data450
451,Hola USB, data451
452,Hola USB, data452
453,Hola USB, data453
454,Hola USB, data454
455,Hola USB, data455
456,Hola USB, data456
457,Hola USB, data457
458,Hola USB, data458
459,Hola USB, data459
460,Hola USB, data460
461,Hola USB, data461
462,Hola USB, data462
463,Hola USB, data463
464,Hola USB, data464
465,Hola USB, data465
466,Hola USB, data466
467,Hola USB, data467
468,Hola USB, data468
469,Hola USB, data469
470,Hola USB, data470
471,Hola USB, data471
472,Hola USB, data472
473,Hola USB, data473
474,Hola USB, data474
475,Hola USB, data475
476,Hola USB, data476
477,Hola USB, data477
478,Hola USB, data478
479,Hola USB, data479
480,Hola USB, data480
481,Hola USB, data481
482,Hola USB, data482
483,Hola USB, data483
484,Hola USB, data484
485,Hola USB, data485
486,Hola USB, data486
487,Hola USB, data487
488,Hola USB, data488
489,Hola USB, data489
490,Hola USB, data490
491,Hola USB, data491
492,Hola USB, data492
493,Hola USB, data493
494,Hola USB, data494
495,Hola USB, data495
496,Hola USB, data496
497,Hola USB, data497
498,Hola USB, data498
499,Hola USB, data499
500,Hola USB, data500
501,Hola USB, data501
502,Hola USB, data502
503,Hola USB, data503
504,Hola USB, data504
505,Hola USB, data505
506,Hola USB, data506
507,Hola USB, data507
508,Hola USB, data508
509,Hola USB, data509
510,Hola USB, data510
511,Hola USB, data511
512,Hola USB, data512
513,Hola USB, data513
514,Hola USB, data514
515,Hola USB, data515
516,Hola USB, data516
517,Hola USB, data517
518,Hola USB, data518
519,Hola USB, data519
520,Hola USB, data520
521,Hola USB, data521
522,Hola USB, data522
523,Hola USB, data523
524,Hola USB, data524
525,Hola USB, data525
526,Hola USB, data526
527,Hola USB, data527
528,Hola USB, data528
529,Hola USB, data529
530,Hola USB, data530
531,Hola USB, data531
532,Hola USB, data532
533,Hola USB, data533
534,Hola USB, data534
535,Hola USB, data535
536,Hola USB, data536
537,Hola USB, data537
538,Hola USB, data538
539,Hola USB, data539
540,Hola USB, data540
541,Hola USB, data541
542,Hola USB, data542
543,Hola USB, data543
544,Hola USB, data544
545,Hola USB, data545
546,Hola USB, data546
547,Hola USB, data547
548,Hola USB, data548
549,Hola USB, data549
550,Hola USB, data550
551,Hola USB, data551
552,Hola USB, data552
553,Hola USB, data553
554,Hola USB, data554
555,Hola USB, data555
556,Hola USB, data556
557,Hola USB, data557
558,Hola USB, data558
559,Hola USB, data559
560,Hola USB, data560
561,Hola USB, data561
562,Hola USB, data562
563,Hola USB, data563
564,Hola USB, data564
565,Hola USB, data565
566,Hola USB, data566
567,Hola USB, data567
568,Hola USB, data568
569,Hola USB, data569
570,Hola USB, data570
571,Hola USB, data571
572,Hola USB, data572
573,Hola USB, data573
574,Hola USB, data574
575,Hola USB, data575
576,Hola USB, data576
577,Hola USB, data577
578,Hola USB, data578
579,Hola USB, data579
580,Hola USB, data580
581,Hola USB, data581
582,Hola USB, data582
583,Hola USB, data583
584,Hola USB, data584
585,Hola USB, data585
586,Hola USB, data586
587,Hola USB, data587
588,Hola USB, data588
589,Hola USB, data589
590,Hola USB, data590
591,Hola USB, data591
592,Hola USB, data592
593,Hola USB, data593
594,Hola USB, data594
595,Hola USB, data595
596,Hola USB, data596
597,Hola USB, data597
598,Hola USB, data598
599,Hola USB, data599
600,Hola USB, data600
601,Hola USB, data601
602,Hola USB, data602
603,Hola USB, data603
604,Hola USB, data604
605,Hola USB, data605
606,Hola USB, data606
607,Hola USB, data607
608,Hola USB, data608
609,Hola USB, data609
610,Hola USB, data610
611,Hola USB, data611
612,Hola USB, data612
613,Hola USB, data613
614,Hola USB, data614
615,Hola USB, data615
616,Hola USB, data616
617,Hola USB, data617
618,Hola USB, data618
619,Hola USB, data619
620,Hola USB, data620
621,Hola USB, data621
622,Hola USB, data622
623,Hola USB, data623
624,Hola USB, data624
625,Hola USB, data625
626,Hola USB, data626
627,Hola USB, data627
628,Hola USB, data628
629,Hola USB, data629
630,Hola USB, data630
631,Hola USB, data631
632,Hola USB, data632
633,Hola USB, data633
634,Hola USB, data634
635,Hola USB, data635
636,Hola USB, data636
637,Hola USB, data637
638,Hola USB, data638
639,Hola USB, data639
640,Hola USB, data640
641,Hola USB, data641
642,Hola USB, data642
643,Hola USB, data643
644,Hola USB, data644
645,Hola USB, data645
646,Hola USB, data646
647,Hola USB, data647
648,Hola USB, data648
649,Hola USB, data649
650,Hola USB, data650
651,Hola USB, data651
652,Hola USB, data652
653,Hola USB, data653
654,Hola USB, data654
655,Hola USB, data655
656,Hola USB, data656
657,Hola USB, data657
658,Hola USB, data658
659,Hola USB, data659
660,Hola USB, data660
661,Hola USB, data661
662,Hola USB, data662
663,Hola USB, data663
664,Hola USB, data664
665,Hola USB, data665
666,Hola USB, data666
667,Hola USB, data667
668,Hola USB, data668
669,Hola USB, data669
670,Hola USB, data670
671,Hola USB, data671
672,Hola USB, data672
673,Hola USB, data673
674,Hola USB, data674
675,Hola USB, data675
676,Hola USB, data676
677,Hola USB, data677
678,Hola USB, data678
679,Hola USB, data679
680,Hola USB, data680
681,Hola USB, data681
682,Hola USB, data682
683,Hola USB, data683
684,Hola USB, data684
685,Hola USB, data685
686,Hola USB, data686
687,Hola USB, data687
688,Hola USB, data688
689,Hola USB, data689
690,Hola USB, data690
691,Hola USB, data691
692,Hola USB, data692
693,Hola USB, data693
694,Hola USB, data694
695,Hola USB, data695
696,Hola USB, data696
697,Hola USB, data697
698,Hola USB, data698
699,Hola USB, data699
700,Hola USB, data700
701,Hola USB, data701
702,Hola USB, data702
703,Hola USB, data703
704,Hola USB, data704
705,Hola USB, data705
706,Hola USB, data706
707,Hola USB, data707
708,Hola USB, data708
709,Hola USB, data709
710,Hola USB, data710
711,Hola USB, data711
712,Hola USB, data712
713,Hola USB, data713
714,Hola USB, data714
715,Hola USB, data715
716,Hola USB, data716
717,Hola USB, data717
718,Hola USB, data718
719,Hola USB, data719
720,Hola USB, data720
721,Hola USB, data721
722,Hola USB, data722
723,Hola USB, data723
724,Hola USB, data724
725,Hola USB, data725
726,Hola USB, data726
727,Hola USB, data727
728,Hola USB, data728
729,Hola USB, data729
730,Hola USB, data730
731,Hola USB, data731
732,Hola USB, data732
733,Hola USB, data733
734,Hola USB, data734
735,Hola USB, data735
736,Hola USB, data736
737,Hola USB, data737
738,Hola USB, data738
739,Hola USB, data739
740,Hola USB, data740
741,Hola USB, data741
742,Hola USB, data742
743,Hola USB, data743
744,Hola USB, data744
745,Hola USB, data745
746,Hola USB, data746
747,Hola USB, data747
748,Hola USB, data748
749,Hola USB, data749
750,Hola USB, data750
751,Hola USB, data751
752,Hola USB, data752
753,Hola USB, data753
754,Hola USB, data754
755,Hola USB, data755
756,Hola USB, data756
757,Hola USB, data757
758,Hola USB, data758
759,Hola USB, data759
760,Hola USB, data760
761,Hola USB, data761
762,Hola USB, data762
763,Hola USB, data763
764,Hola USB, data764
765,Hola USB, data765
766,Hola USB, data766
767,Hola USB, data767
768,Hola USB, data768
769,Hola USB, data769
770,Hola USB, data770
771,Hola USB, data771
772,Hola USB, data772
773,Hola USB, data773
774,Hola USB, data774
775,Hola USB, data775
776,Hola USB, data776
777,Hola USB, data777
778,Hola USB, data778
779,Hola USB, data779
780,Hola USB, data780
781,Hola USB, data781
782,Hola USB, data782
783,Hola USB, data783
784,Hola USB, data784
785,Hola USB, data785
786,Hola USB, data786
787,Hola USB, data787
788,Hola USB, data788
789,Hola USB, data789
790,Hola USB, data790
791,Hola USB, data791
792,Hola USB, data792
793,Hola USB, data793
794,Hola USB, data794
795,Hola USB, data795
796,Hola USB, data796
797,Hola USB, data797
798,Hola USB, data798
799,Hola USB, data799
800,Hola USB, data800
801,Hola USB, data801
802,Hola USB, data802
803,Hola USB, data803
804,Hola USB, data804
805,Hola USB, data805
806,Hola USB, data806
807,Hola USB, data807
808,Hola USB, data808
809,Hola USB, data809
810,Hola USB, data810
811,Hola USB, data811
812,Hola USB, data812
813,Hola USB, data813
814,Hola USB, data814
815,Hola USB, data815
816,Hola USB, data816
817,Hola USB, data817
818,Hola USB, data818
819,Hola USB, data819
820,Hola USB, data820
821,Hola USB, data821
822,Hola USB, data822
823,Hola USB, data823
824,Hola USB, data824
825,Hola USB, data825
826,Hola USB, data826
827,Hola USB, data827
828,Hola USB, data828
829,Hola USB, data829
830,Hola USB, data830
831,Hola USB, data831
832,Hola USB, data832
833,Hola USB, data833
834,Hola USB, data834
835,Hola USB, data835
836,Hola USB, data836
837,Hola USB, data837
838,Hola USB, data838
839,Hola USB, data839
840,Hola USB, data840
841,Hola USB, data841
842,Hola USB, data842
843,Hola USB, data843
844,Hola USB, data844
845,Hola USB, data845
846,Hola USB, data846
847,Hola USB, data847
848,Hola USB, data848
849,Hola USB, data849
850,Hola USB, data850
851,Hola USB, data851
852,Hola USB, data852
853,Hola USB, data853
854,Hola USB, data854
855,Hola USB, data855
856,Hola USB, data856
857,Hola USB, data857
858,Hola USB, data858
859,Hola USB, data859
860,Hola USB, data860
861,Hola USB, data861
862,Hola USB, data862
863,Hola USB, data863
864,Hola USB, data864
865,Hola USB, data865
866,Hola USB, data866
867,Hola USB, data867
868,Hola USB, data868
869,Hola USB, data869
870,Hola USB, data870
871,Hola USB, data871
872,Hola USB, data872
873,Hola USB, data873
874,Hola USB, data874
875,Hola USB, data875
876,Hola USB, data876
877,Hola USB, data877
878,Hola USB, data878
879,Hola USB, data879
880,Hola USB, data880
881,Hola USB, data881
882,Hola USB, data882
883,Hola USB, data883
884,Hola USB, data884
885,Hola USB, data885
886,Hola USB, data886
887,Hola USB, data887
888,Hola USB, data888
889,Hola USB, data889
890,Hola USB, data890
891,Hola USB, data891
892,Hola USB, data892
893,Hola USB, data893
894,Hola USB, data894
895,Hola USB, data895
896,Hola USB, data896
897,Hola USB, data897
898,Hola USB, data898
899,Hola USB, data899
900,Hola USB, data900
901,Hola USB, data901
902,Hola USB, data902
903,Hola USB, data903
904,Hola USB, data904
905,Hola USB, data905
906,Hola USB, data906
907,Hola USB, data907
908,Hola USB, data908
909,Hola USB, data909
910,Hola USB, data910
911,Hola USB, data911
912,Hola USB, data912
913,Hola USB, data913
914,Hola USB, data914
915,Hola USB, data915
916,Hola USB, data916
917,Hola USB, data917
918,Hola USB, data918
919,Hola USB, data919
920,Hola USB, data920
921,Hola USB, data921
922,Hola USB, data922
923,Hola USB, data923
924,Hola USB, data924
925,Hola USB, data925
926,Hola USB, data926
927,Hola USB, data927
928,Hola USB, data928
929,Hola USB, data929
930,Hola USB, data930
931,Hola USB, data931
932,Hola USB, data932
933,Hola USB, data933
934,Hola USB, data934
935,Hola USB, data935
936,Hola USB, data936
937,Hola USB, data937
938,Hola USB, data938
939,Hola USB, data939
940,Hola USB, data940
941,Hola USB, data941
942,Hola USB, data942
943,Hola USB, data943
944,Hola USB, data944
945,Hola USB, data945
946,Hola USB, data946
947,Hola USB, data947
948,Hola USB, data948
949,Hola USB, data949
950,Hola USB, data950
951,Hola USB, data951
952,Hola USB, data952
953,Hola USB, data953
954,Hola USB, data954
955,Hola USB, data955
956,Hola USB, data956
957,Hola USB, data957
958,Hola USB, data958
959,Hola USB, data959
960,Hola USB, data960
961,Hola USB, data961
962,Hola USB, data962
963,Hola USB, data963
964,Hola USB, data964
965,Hola USB, data965
966,Hola USB, data966
967,Hola USB, data967
968,Hola USB, data968
969,Hola USB, data969
970,Hola USB, data970
971,Hola USB, data971
972,Hola USB, data972
973,Hola USB, data973
974,Hola USB, data974
975,Hola USB, data975
976,Hola USB, data976
977,Hola USB, data977
978,Hola USB, data978
979,Hola USB, data979
980,Hola USB, data980
981,Hola USB, data981
982,Hola USB, data982
983,Hola USB, data983
984,Hola USB, data984
985,Hola USB, data985
986,Hola USB, data986
987,Hola USB, data987
988,Hola USB, data988
989,Hola USB, data989
990,Hola USB, data990
991,Hola USB, data991
992,Hola USB, data992
993,Hola USB, data993
994,Hola USB, data994
995,Hola USB, data995
996,Hola USB, data996
997,Hola USB, data997
998,Hola USB, data998
999,Hola USB, data999
1000,Hola USB, data1000
1001,Hola USB, data1001
1002,Hola USB, data1002
1003,Hola USB, data1003
1004,Hola USB, data1004
1005,Hola USB, data1005
1006,Hola USB, data1006
1007,Hola USB, data1007
1008,Hola USB, data1008
1009,Hola USB, data1009
1010,Hola USB, data1010
1011,Hola USB, data1011
1012,Hola USB, data1012
1013,Hola USB, data1013
1014,Hola USB, data1014
1015,Hola USB, data1015
1016,Hola USB, data1016
1017,Hola USB, data1017
1018,Hola USB, data1018
1019,Hola USB, data1019
1020,Hola USB, data1020
1021,Hola USB, data1021
1022,Hola USB, data1022
1023,Hola USB, data1023
1024,Hola USB, data1024
1025,Hola USB, data1025
1026,Hola USB, data1026
1027,Hola USB, data1027
1028,Hola USB, data1028
1029,Hola USB, data1029
1030,Hola USB, data1030
1031,Hola USB, data1031
1032,Hola USB, data1032
1033,Hola USB, data1033
1034,Hola USB, data1034
1035,Hola USB, data1035
1036,Hola USB, data1036
1037,Hola USB, data1037
1038,Hola USB, data1038
1039,Hola USB, data1039
1040,Hola USB, data1040
1041,Hola USB, data1041
1042,Hola USB, data1042
1043,Hola USB, data1043
1044,Hola USB, data1044
1045,Hola USB, data1045
1046,Hola USB, data1046
1047,Hola USB, data1047
1048,Hola USB, data1048
1049,Hola USB, data1049
1050,Hola USB, data1050
1051,Hola USB, data1051
1052,Hola USB, data1052
1053,Hola USB, data1053
1054,Hola USB, data1054
1055,Hola USB, data1055
1056,Hola USB, data1056
1057,Hola USB, data1057
1058,Hola USB, data1058
1059,Hola USB, data1059
1060,Hola USB, data1060
1061,Hola USB, data1061
1062,Hola USB, data1062
1063,Hola USB, data1063
1064,Hola USB, data1064
1065,Hola USB, data1065
1066,Hola USB, data1066
1067,Hola USB, data1067
1068,Hola USB, data1068
1069,Hola USB, data1069
1070,Hola USB, data1070
1071,Hola USB, data1071
1072,Hola USB, data1072
1073,Hola USB, data1073
1074,Hola USB, data1074
1075,Hola USB, data1075
1076,Hola USB, data1076
1077,Hola USB, data1077
1078,Hola USB, data1078
1079,Hola USB, data1079
1080,Hola USB, data1080
1081,Hola USB, data1081
1082,Hola USB, data1082
1083,Hola USB, data1083
1084,Hola USB, data1084
1085,Hola USB, data1085
1086,Hola USB, data1086
1087,Hola USB, data1087
1088,Hola USB, data1088
1089,Hola USB, data1089
1090,Hola USB, data1090
1091,Hola USB, data1091
1092,Hola USB, data1092
1093,Hola USB, data1093
1094,Hola USB, data1094
1095,Hola USB, data1095
1096,Hola USB, data1096
1097,Hola USB, data1097
1098,Hola USB, data1098
1099,Hola USB, data1099
1100,Hola USB, data1100
1101,Hola USB, data1101
1102,Hola USB, data1102
1103,Hola USB, data1103
1104,Hola USB, data1104
1105,Hola USB, data1105
1106,Hola USB, data1106
1107,Hola USB, data1107
1108,Hola USB, data1108
1109,Hola USB, data1109
1110,Hola USB, data1110
1111,Hola USB, data1111
1112,Hola USB, data1112
1113,Hola USB, data1113
1114,Hola USB, data1114
1115,Hola USB, data1115
1116,Hola USB, data1116
1117,Hola USB, data1117
1118,Hola USB, data1118
1119,Hola USB, data1119
1120,Hola USB, data1120
1121,Hola USB, data1121
1122,Hola USB, data1122
1123,Hola USB, data1123
1124,Hola USB, data1124
1125,Hola USB, data1125
1126,Hola USB, data1126
1127,Hola USB, data1127
1128,Hola USB, data1128
1129,Hola USB, data1129
1130,Hola USB, data1130
1131,Hola USB, data1131
1132,Hola USB, data1132
1133,Hola USB, data1133
1134,Hola USB, data1134
1135,Hola USB, data1135
1136,Hola USB, data1136
1137,Hola USB, data1137
1138,Hola USB, data1138
1139,Hola USB, data1139
1140,Hola USB, data1140
1141,Hola USB, data1141
1142,Hola USB, data1142
1143,Hola USB, data1143
1144,Hola USB, data1144
1145,Hola USB, data1145
1146,Hola USB, data1146
1147,Hola USB, data1147
1148,Hola USB, data1148
1149,Hola USB, data1149
1150,Hola USB, data1150
1151,Hola USB, data1151
1152,Hola USB, data1152
1153,Hola USB, data1153
1154,Hola USB, data1154
1155,Hola USB, data1155
1156,Hola USB, data1156
1157,Hola USB, data1157
1158,Hola USB, data1158
1159,Hola USB, data1159
1160,Hola USB, data1160
1161,Hola USB, data1161
1162,Hola USB, data1162
1163,Hola USB, data1163
1164,Hola USB, data1164
1165,Hola USB, data1165
1166,Hola USB, data1166
1167,Hola USB, data1167
1168,Hola USB, data1168
1169,Hola USB, data1169
1170,Hola USB, data1170
1171,Hola USB, data1171
1172,Hola USB, data1172
1173,Hola USB, data1173
1174,Hola USB, data1174
1175,Hola USB, data1175
1176,Hola USB, data1176
1177,Hola USB, data1177
1178,Hola USB, data1178
1179,Hola USB, data1179
1180,Hola USB, data1180
1181,Hola USB, data1181
1182,Hola USB, data1182
1183,Hola USB, data1183
1184,Hola USB, data1184
1185,Hola USB, data1185
1186,Hola USB, data1186
1187,Hola USB, data1187
1188,Hola USB, data1188
1189,Hola USB, data1189
1190,Hola USB, data1190
1191,Hola USB, data1191
1192,Hola USB, data1192
1193,Hola USB, data1193
1194,Hola USB, data1194
1195,Hola USB, data1195
1196,Hola USB, data1196
1197,Hola USB, data1197
1198,Hola USB, data1198
1199,Hola USB, data1199
1200,Hola USB, data1200
1201,Hola USB, data1201
1202,Hola USB, data1202
1203,Hola USB, data1203
1204,Hola USB, data1204
1205,Hola USB, data1205
1206,Hola USB, data1206
1207,Hola USB, data1207
1208,Hola USB, data1208
1209,Hola USB, data1209
1210,Hola USB, data1210
1211,Hola USB, data1211
1212,Hola USB, data1212
1213,Hola USB, data1213
1214,Hola USB, data1214
1215,Hola USB, data1215
1216,Hola USB, data1216
1217,Hola USB, data1217
1218,Hola USB, data1218
1219,Hola USB, data1219
1220,Hola USB, data1220
1221,Hola USB, data1221
1222,Hola USB, data1222
1223,Hola USB, data1223
1224,Hola USB, data1224
1225,Hola USB, data1225
1226,Hola USB, data1226
1227,Hola USB, data1227
1228,Hola USB, data1228
1229,Hola USB, data1229
1230,Hola USB, data1230
1231,Hola USB, data1231
1232,Hola USB, data1232
1233,Hola USB, data1233
1234,Hola USB, data1234
1235,Hola USB, data1235
1236,Hola USB, data1236
1237,Hola USB, data1237
1238,Hola USB, data1238
1239,Hola USB, data1239
1240,Hola USB, data1240
1241,Hola USB, data1241
1242,Hola USB, data1242
1243,Hola USB, data1243
1244,Hola USB, data1244
1245,Hola USB, data1245
1246,Hola USB, data1246
1247,Hola USB, data1247
1248,Hola USB, data1248
1249,Hola USB, data1249
1250,Hola USB, data1250
1251,Hola USB, data1251
1252,Hola USB, data1252
1253,Hola USB, data1253
